Master ID,Master Name,Category,MST Tag,Symptom keywords,Context required,Known JIRA,Defect fixed?,KBA,Status,Notes
M001,[Accounts and Companies] Contact already granted admin rights but still getting No Access error in CP,Accounts and Companies,MST-71213,admin rights; granted admin rights; no access error; admin rights but no access; unable to see the account online; cannot see the account online; account not visible when login,,,,"KB0028502, KB0020902",Active,
M002,[Accounts and Companies] Contact removal,Accounts and Companies,MST-75256,contact removal; remove contact; delete contact; deactivate contact,,,,,Active,
M003,[Accounts and Companies] Customer can not join company,Accounts and Companies,MST - 005-25,join company; cannot join company; can not join company; unable to join company,,,,,Active,
M004,[Accounts and Companies] Primary contact is shown as not activated,Accounts and Companies,MST-71363,primary contact not activated; primary contact is shown as not activated; primary contact shows as not activated; primary contact pending activation,,,,,Active,
M005,[Accounts and Companies] Unable to delete a non-default credit card from the wallet,Accounts and Companies,MST-75027,delete credit card; unable to delete card; non-default credit card; remove card from wallet; delete the card from the wallet; remove the card from the wallet; cannot delete the card; delete a card from wallet; non-default card,,,,,Active,
M006,[Accounts and Companies] Unable to find linked account to switch,Accounts and Companies,MST-71224,switch account; unable to find linked account; account switch; link the accounts; linking to the company; unable to find the account reference; office account does not exist; unlinked account; redirected to a separate; find linked account; linked account to switch; switch linked account; cannot switch to the linked account; linked account not showing,,,,,Active,
M007,[Accounts and Companies] You do not have access to view this page,Accounts and Companies,MST-71553,you do not have access to view this page; do not have access to view,,,,,Active,
M008,[Bookings (Products) - Short Stay] Customer has been charged while booking,Bookings (Products) - Short Stay,MST-71220,charged while booking; charged when booking; charged during booking; charged for booking; charged for office bookings; being charged for office,,,,,Active,
M009,[Bookings (Products) - Short Stay] Agreement automatically renewed without client's action,Bookings (Products) - Short Stay,MST-71223,automatically renewed; auto renewed; auto-renewed; renewed without client; renewed without action,,,,KB0027721,Active,
M010,[Bookings (Products) - Short Stay] CMR booked for 1 hours instead of 2 hours,Bookings (Products) - Short Stay,MST-74516,1 hours instead of 2; 1 hour instead of 2; cmr booked for 1,,,,,Active,
M011,[Bookings (Products) - Short Stay] Customer can book a CMR for more than 2 hours (multiple times a day),Bookings (Products) - Short Stay,MST-71214,more than 2 hours; multiple times a day; book cmr more than,,,,KB0035554,Active,
M012,[Bookings (Products) - Short Stay] Unable to check in/out on TeamHub,Bookings (Products) - Short Stay,MST - 008-25,check in/out; unable to check in; unable to check out; check in on teamhub,,,,,Active,
M013,[Bookings (Products)] Unable to send agreement from Preview OSA screen,Bookings (Products),MST-76060,preview osa; osa screen; unable to send agreement; send agreement from preview,,,,,Active,
M014,[Invoicing] Invoices not found on My Regus,Invoicing,MST-71217,invoices not found; invoice not found; invoices missing; invoices not showing; no invoices,,,,,Active,
M015,[Login] Account is disabled or locked out,Login,MST - 003-25,account is disabled; locked out; account locked,,,,,Active,
M016,[Login] Account needs activation,Login,MST - 002-25,account needs activation; needs activation; account marked as inactive; marked as inactive; account activation/access; activation/access is not working; account activation is not working; account is inactive,,,,,Active,
M017,[Login] Account showing blocked in My Regus,Login,MST-71212,account showing blocked; account blocked; blocked in my regus,,,,KB0028442,Active,
M018,[Login] Change email address,Login,MST-70449,change email address; update email address; email address change,,,,,Active,
M019,[Login] Client not receiving verification code for adding a team member on his email,Login,MST-70178,adding a team member; team member verification code; verification code for adding,,,,,Active,
M020,[Login] Client not receiving verification code OTP via Email on Myregus,Login,MST-73683,otp via email; verification code otp; not receiving otp; verification code via email,,,,KB0028043,Active,
M021,[Login] Client not receiving verification code via mobile phone,Login,MST-70823,verification code via mobile; verification code via phone; code via sms; not receiving code via mobile,,,,KB0028043,Active,
M022,"[Login] Client unable to log in (account not verified, suspended, locked)",Login,MST-71215,account not verified; account suspended,,,,,Active,
M023,"[Login] Customer logs in and gets message ""Something went wrong. Please try again later.""",Login,MST - 001-25,something went wrong please try again later; something went wrong. please try again later; something went wrong try again later,log in; login; logging in; log-in; sign in; signin; logs in; logged in; cannot log; unable to log,,,KB0029395,Active,
M024,[Login] Duplicate account getting created while logging in to myregus,Login,MST-71209,duplicate account; duplicate account created; duplicate account getting created,,,,,Active,
M025,[Login] Error while logging in to Myregus staff mode (different issues encountered),Login,MST-70822,staff mode; myregus staff mode; error staff mode; staff login; staff login issue; staff mode login; unable to access myregus and teamhub; myregus portal and teamhub are not working,log in; login; logging in; log-in; sign in; signin; logs in; logged in; cannot log; unable to log,,,KB0032223,Active,
M026,[Login] Internal Server error while logging in,Login,MST-71211,internal server error,log in; login; logging in; log-in; sign in; signin; logs in; logged in; cannot log; unable to log,,,,Active,
M027,[Login] Login Issue - Your account has been disabled,Login,MST-71210,your account has been disabled; account has been disabled,,,,,Active,
M028,"[Login] User can not log in - Error message: ""An error has occurred. Please try again later.""",Login,MST - 004-25,an error has occurred please try again later; an error has occurred. please try again later,log in; login; logging in; log-in; sign in; signin; logs in; logged in; cannot log; unable to log,,,,Active,
M029,"[Login] When trying to login via mobile up, loading screen appears",Login,MST-71537,loading screen; loading screen appears; stuck on loading; stuck loading,login; log in; logging in; sign in; signing in,,,,Active,
M030,[Network devices] Network devices registration/login,Network devices,MST-71542,network device registration; network devices registration; network devices login; device registration; wi-fi connectivity; wifi connectivity; connectivity issue; network device; wi-fi issue; using the ip address,,,,KB0028493,Active,
M031,[Payments - Credit Card] Autopayment not working for Credit Card Worldpay/Ingenico,Payments - Credit Card,MST-71218,autopayment not working; autopay not working; auto payment not working; worldpay; ingenico; not being deducted; automatic payments have not been processing; automatic payment not processed; not charged each month; failed autopayment; not pulling from the card; card has not been charged; auto pay is not being pulled; auto pay not being pulled; card is not pulling; autopay is not pulling; auto pay was not initiated; autopay was not initiated; did not collect the full invoice amount; apm did not collect; autopay did not collect; amount captured by the apm; delayed deduction; delayed deduction from cc; failure to processing the; automatic payment is not being processed; automatic payments had not been made; payment was not automatically deducted; not automatically deducted; automatic payments have not been made; payment is not being processed; auto-payment is not being processed; credit card auto-payment,,,,KB0028488,Active,
M032,[Payments - Credit Card] Cannot pay invoice online / Something went wrong while paying balance,Payments - Credit Card,MST-71216,cannot pay invoice; something went wrong while paying balance; unable to pay invoice; pay invoice online; unable to make payment; unable to clear outstanding; can't pay the invoices; cannot pay the invoices; unable to pay the invoices; unable to process the payment; transaction remains unsuccessful; payment failed; the customer's payment failed; trying to pay invoice; attempted to pay the outstanding invoices; pay the outstanding invoices; negative balance when paying balance; when paying balance,,,,KB0028486,Active,
M033,[Payments - Credit Card] Credit card updated via MyRegus has incorrect expiry date in Titan,Payments - Credit Card,MST-71513,incorrect expiry date; expiry date in titan; cc expiry incorrectly; wrong expiry date; system changes automatically; shown as expired; shows as expired; expired card issue; expiry date of the card,,,,KB0027517,Active,
M034,[Payments - Credit Card] Customer Portal something went wrong while booking,Payments - Credit Card,MST-71219,something went wrong while booking,,,,"KB0027649, KB0029395, KB0028486",Active,
M035,[Payments - Credit Card] Something went wrong Error when trying to add Payment Card,Payments - Credit Card,MST-71221,error when trying to add payment card; add payment card; unable to add payment card; something went wrong adding card; unable to add the card; add the card on myregus; unable to add credit card; trying to add credit card; set up the credit card; setting up the credit card; set up the cc details; attempting to upload the card; error encountered when attempting to set up the credit card; cannot add cc; unable to add cc; form to enter credit card details does not appear; online form to enter the credit card details; form to enter the credit card details did not appear; credit card form does not appear; error while adding credit card,,,,"KB0027649, KB0028486, KB0019958",Active,
M036,[Payments Registration] Issue setting up default payment method,Payments Registration,MST-71579,default payment method; setting up default payment; set up default payment; issue setting up default; default payment preference; setting up the default payment preference; default payment preference upload; unable to add or pay by credit card; unable to pay through credit card and cannot add; card type doesn't match the selection; setting up their card as the default; cannot make payment through cc cannot add cc; unable to pay through credit card and cannot add a credit card; cannot add cc; unable to add cc,,,,KB0029470,Active,
M037,[Payments Registration] Payment method is configured on Titan but not present on MyRegus and vice versa,Payments Registration,MST-70848,configured on titan but not present; configured on titan but not; not present on myregus; not present on my regus; card not visible; missing userprofileid,,,,,Active,
M038,[Retainers] Retainer issues,Retainers,MST-71510,retainer; retainer issue; retainer balance; retainer refund,,,,,Active,
M039,[SOA] Balance Mismatch,SOA,,incorrect balance; balance does not match; incorrect ending balance; balance mismatch of the account; balance mismatch between; balance mismatch in dynamics; balance mismatch in titan; account balance mismatch,,,,"KB0026224, KB0036716",Active,
M040,[XC (Product and Services)] Charged for scanned pages,XC (Product and Services),MST - 010-25,scanned pages; charged for scanning; scan charges; scanning charges,,,,,Active,
M041,[XC (Product and Services)] OOMA issues with DID,XC (Product and Services),MST-71283,ooma; ooma issues; issues with did; did number; incorrect did; wrong did; did number on profile; profile showing incorrect did; update the correct did; call answering; call answering settings; call answering configuration; premium call answering; call handling; cannot make or receive calls,,,,,Active,
M042,[XC (Product and Services)] Recurring services are charged after termination of the agreement,XC (Product and Services),MST - 011-25,charged after termination; recurring services charged; billed after termination; charged after agreement ended; no longer in recurring sales; not in recurring sales; still being billed with unlimited; billed with unlimited coffee; incorrectly billed for; still being billed even though,,,,KB0028149,Active,
M043,[XC (Product and Services)] Unable to add service on TeamHub,XC (Product and Services),MST - 006-25,unable to add service; add service on teamhub,,,,,Active,
M044,[XC (Product and Services)] Unable to edit service on TeamHub,XC (Product and Services),MST - 009-25,unable to edit service; edit service on teamhub,,,,,Active,
M045,[XC (Product and Services)] Unable to remove service from Portal,XC (Product and Services),MST-71222,unable to remove service; remove service from portal; remove unlimited,,,,,Active,
M046,[XC (Product and Services)] Unable to submit credit request on TeamHub,XC (Product and Services),MST - 007-25,credit request; submit credit request,,,,,Active,
